주요재무정보,,
현금빗현급7자산도370559u04000,"1,025",
단기급음삼표도a5i45GU00000,,"589,093,344,000"
단기당기스회-감검가처금융자산끄5uU00,,38
거]처런4a도55U9000U00,,"4,330,730,400"
미수급,"685,730","9,672,974,000"
선근비움,"-36,513","33,322,400"
괴고자산,"5,147,130,400","517,555,040"
기타유튼자산,"638,736,600","45,740"
비웃움자산,"22,714,514","759,532"
기타포건스회-감검가처금융자산10534932들04000,"114,345,100,400",
당기스화끊접기처급용자난,"135,900","117,574,900"
관거기업및끊남기업주자,183,"12,521,174,400"
유협자산,"250,253,800,400","359,450,900"
무7자산,"25,987,746,040","23,738,560,400"
요학컴+여지산,"43,810,300","3,039,571,000"
어떤버인내지산,"1,944,801,240","468,040"
기타비유8지산,"147,370,110,400","161,110,700,400"
자산히거도M8S1RS00U000,,"514,571,948,000"
부채[꼬외,,
유!부,845,"933,263,040"
여의학무,"1,754","1,237,017.4"
단기차들급,"71,946,800","1,317,254,400"
